Rank,Previous Rank,Movie,Release Year,Movie Duration,Movie Category,IMDb Rating,Url for Movie
Rank,Previous Rank,Movie,Release Year,Movie Duration,Movie Category,IMDb Rating,Url for Movie
Rank,Previous Rank,Movie,Release Year,Movie Duration,Movie Category,IMDb Rating,Url for Movie
Rank,Previous Rank,Movie,Release Year,Movie Duration,Movie Category,IMDb Rating,Url for Movie
Rank,Previous Rank,Movie,Release Year,Movie Duration,Movie Category,IMDb Rating,Url for Movie
Rank,Previous Rank,Movie,Release Year,Movie Duration,Movie Category,IMDb Rating,Url for Movie
Rank,Previous Rank,Movie,Release Year,Movie Duration,Movie Category,IMDb Rating,Url for Movie
Rank,Previous Rank,Movie,Release Year,Movie Duration,Movie Category,IMDb Rating,Url for Movie
Rank,Previous Rank,Movie,Release Year,Movie Duration,Movie Category,IMDb Rating,Url for Movie
Rank,Previous Rank,Movie,Release Year,Movie Duration,Movie Category,IMDb Rating,Url for Movie
Rank,Previous Rank,Movie,Release Year,Movie Duration,Movie Category,IMDb Rating,Url for Movie
Rank,Previous Rank,Movie,Release Year,Movie Duration,Movie Category,IMDb Rating,Url for Movie
Rank,Previous Rank,Movie,Release Year,Movie Duration,Movie Category,IMDb Rating,Url for Movie
Rank,Previous Rank,Movie,Release Year,Movie Duration,Movie Category,IMDb Rating,Url for Movie
Rank,Previous Rank,Movie,Release Year,Movie Duration,Movie Category,IMDb Rating,Url for Movie
Rank,Previous Rank,Movie,Release Year,Movie Duration,Movie Category,IMDb Rating,Url for Movie
Rank,Previous Rank,Movie,Release Year,Movie Duration,Movie Category,IMDb Rating,Url for Movie
Rank,Previous Rank,Movie,Release Year,Movie Duration,Movie Category,IMDb Rating,Url for Movie
Rank,Previous Rank,Movie,Release Year,Movie Duration,Movie Category,IMDb Rating,Url for Movie
Rank,Previous Rank,Movie,Release Year,Movie Duration,Movie Category,IMDb Rating,Url for Movie
Rank,Previous Rank,Movie,Release Year,Movie Duration,Movie Category,IMDb Rating,Url for Movie
Rank,Previous Rank,Movie,Release Year,Movie Duration,Movie Category,IMDb Rating,Url for Movie
Rank,Previous Rank,Movie,Release Year,Movie Duration,Movie Category,IMDb Rating,Url for Movie
Rank,Previous Rank,Movie,Release Year,Movie Duration,Movie Category,IMDb Rating,Url for Movie
Rank,Previous Rank,Movie,Release Year,Movie Duration,Movie Category,IMDb Rating,Url for Movie
Rank,Previous Rank,Movie,Release Year,Movie Duration,Movie Category,IMDb Rating,Url for Movie
Rank,Previous Rank,Movie,Release Year,Movie Duration,Movie Category,IMDb Rating,Url for Movie
Rank,Previous Rank,Movie,Release Year,Movie Duration,Movie Category,IMDb Rating,Url for Movie
Rank,Previous Rank,Movie,Release Year,Movie Duration,Movie Category,IMDb Rating,Url for Movie
Rank,Previous Rank,Movie,Release Year,Movie Duration,Movie Category,IMDb Rating,Url for Movie
Rank,Previous Rank,Movie,Release Year,Movie Duration,Movie Category,IMDb Rating,Url for Movie
Rank,Previous Rank,Movie,Release Year,Movie Duration,Movie Category,IMDb Rating,Url for Movie
Rank,Previous Rank,Movie,Release Year,Movie Duration,Movie Category,IMDb Rating,Url for Movie
Rank,Previous Rank,Movie,Release Year,Movie Duration,Movie Category,IMDb Rating,Url for Movie
Rank,Previous Rank,Movie,Release Year,Movie Duration,Movie Category,IMDb Rating,Url for Movie
Rank,Previous Rank,Movie,Release Year,Movie Duration,Movie Category,IMDb Rating,Url for Movie
Rank,Previous Rank,Movie,Release Year,Movie Duration,Movie Category,IMDb Rating,Url for Movie
Rank,Previous Rank,Movie,Release Year,Movie Duration,Movie Category,IMDb Rating,Url for Movie
Rank,Previous Rank,Movie,Release Year,Movie Duration,Movie Category,IMDb Rating,Url for Movie
Rank,Previous Rank,Movie,Release Year,Movie Duration,Movie Category,IMDb Rating,Url for Movie
Rank,Previous Rank,Movie,Release Year,Movie Duration,Movie Category,IMDb Rating,Url for Movie
Rank,Previous Rank,Movie,Release Year,Movie Duration,Movie Category,IMDb Rating,Url for Movie
Rank,Previous Rank,Movie,Release Year,Movie Duration,Movie Category,IMDb Rating,Url for Movie
Rank,Previous Rank,Movie,Release Year,Movie Duration,Movie Category,IMDb Rating,Url for Movie
Rank,Previous Rank,Movie,Release Year,Movie Duration,Movie Category,IMDb Rating,Url for Movie
Rank,Previous Rank,Movie,Release Year,Movie Duration,Movie Category,IMDb Rating,Url for Movie
Rank,Previous Rank,Movie,Release Year,Movie Duration,Movie Category,IMDb Rating,Url for Movie
Rank,Previous Rank,Movie,Release Year,Movie Duration,Movie Category,IMDb Rating,Url for Movie
Rank,Previous Rank,Movie,Release Year,Movie Duration,Movie Category,IMDb Rating,Url for Movie
Rank,Previous Rank,Movie,Release Year,Movie Duration,Movie Category,IMDb Rating,Url for Movie
Rank,Previous Rank,Movie,Release Year,Movie Duration,Movie Category,IMDb Rating,Url for Movie
Rank,Previous Rank,Movie,Release Year,Movie Duration,Movie Category,IMDb Rating,Url for Movie
Rank,Previous Rank,Movie,Release Year,Movie Duration,Movie Category,IMDb Rating,Url for Movie
Rank,Previous Rank,Movie,Release Year,Movie Duration,Movie Category,IMDb Rating,Url for Movie
Rank,Previous Rank,Movie,Release Year,Movie Duration,Movie Category,IMDb Rating,Url for Movie
Rank,Previous Rank,Movie,Release Year,Movie Duration,Movie Category,IMDb Rating,Url for Movie
Rank,Previous Rank,Movie,Release Year,Movie Duration,Movie Category,IMDb Rating,Url for Movie
Rank,Previous Rank,Movie,Release Year,Movie Duration,Movie Category,IMDb Rating,Url for Movie
Rank,Previous Rank,Movie,Release Year,Movie Duration,Movie Category,IMDb Rating,Url for Movie
Rank,Previous Rank,Movie,Release Year,Movie Duration,Movie Category,IMDb Rating,Url for Movie
Rank,Previous Rank,Movie,Release Year,Movie Duration,Movie Category,IMDb Rating,Url for Movie
Rank,Previous Rank,Movie,Release Year,Movie Duration,Movie Category,IMDb Rating,Url for Movie
Rank,Previous Rank,Movie,Release Year,Movie Duration,Movie Category,IMDb Rating,Url for Movie
Rank,Previous Rank,Movie,Release Year,Movie Duration,Movie Category,IMDb Rating,Url for Movie
Rank,Previous Rank,Movie,Release Year,Movie Duration,Movie Category,IMDb Rating,Url for Movie
Rank,Previous Rank,Movie,Release Year,Movie Duration,Movie Category,IMDb Rating,Url for Movie
Rank,Previous Rank,Movie,Release Year,Movie Duration,Movie Category,IMDb Rating,Url for Movie
Rank,Previous Rank,Movie,Release Year,Movie Duration,Movie Category,IMDb Rating,Url for Movie
Rank,Previous Rank,Movie,Release Year,Movie Duration,Movie Category,IMDb Rating,Url for Movie
Rank,Previous Rank,Movie,Release Year,Movie Duration,Movie Category,IMDb Rating,Url for Movie
Rank,Previous Rank,Movie,Release Year,Movie Duration,Movie Category,IMDb Rating,Url for Movie
Rank,Previous Rank,Movie,Release Year,Movie Duration,Movie Category,IMDb Rating,Url for Movie
Rank,Previous Rank,Movie,Release Year,Movie Duration,Movie Category,IMDb Rating,Url for Movie
Rank,Previous Rank,Movie,Release Year,Movie Duration,Movie Category,IMDb Rating,Url for Movie
Rank,Previous Rank,Movie,Release Year,Movie Duration,Movie Category,IMDb Rating,Url for Movie
Rank,Previous Rank,Movie,Release Year,Movie Duration,Movie Category,IMDb Rating,Url for Movie
Rank,Previous Rank,Movie,Release Year,Movie Duration,Movie Category,IMDb Rating,Url for Movie
Rank,Previous Rank,Movie,Release Year,Movie Duration,Movie Category,IMDb Rating,Url for Movie
Rank,Previous Rank,Movie,Release Year,Movie Duration,Movie Category,IMDb Rating,Url for Movie
Rank,Previous Rank,Movie,Release Year,Movie Duration,Movie Category,IMDb Rating,Url for Movie
Rank,Previous Rank,Movie,Release Year,Movie Duration,Movie Category,IMDb Rating,Url for Movie
Rank,Previous Rank,Movie,Release Year,Movie Duration,Movie Category,IMDb Rating,Url for Movie
Rank,Previous Rank,Movie,Release Year,Movie Duration,Movie Category,IMDb Rating,Url for Movie
Rank,Previous Rank,Movie,Release Year,Movie Duration,Movie Category,IMDb Rating,Url for Movie
Rank,Previous Rank,Movie,Release Year,Movie Duration,Movie Category,IMDb Rating,Url for Movie
Rank,Previous Rank,Movie,Release Year,Movie Duration,Movie Category,IMDb Rating,Url for Movie
Rank,Previous Rank,Movie,Release Year,Movie Duration,Movie Category,IMDb Rating,Url for Movie
Rank,Previous Rank,Movie,Release Year,Movie Duration,Movie Category,IMDb Rating,Url for Movie
Rank,Previous Rank,Movie,Release Year,Movie Duration,Movie Category,IMDb Rating,Url for Movie
Rank,Previous Rank,Movie,Release Year,Movie Duration,Movie Category,IMDb Rating,Url for Movie
Rank,Previous Rank,Movie,Release Year,Movie Duration,Movie Category,IMDb Rating,Url for Movie
Rank,Previous Rank,Movie,Release Year,Movie Duration,Movie Category,IMDb Rating,Url for Movie
Rank,Previous Rank,Movie,Release Year,Movie Duration,Movie Category,IMDb Rating,Url for Movie
Rank,Previous Rank,Movie,Release Year,Movie Duration,Movie Category,IMDb Rating,Url for Movie
Rank,Previous Rank,Movie,Release Year,Movie Duration,Movie Category,IMDb Rating,Url for Movie
Rank,Previous Rank,Movie,Release Year,Movie Duration,Movie Category,IMDb Rating,Url for Movie
Rank,Previous Rank,Movie,Release Year,Movie Duration,Movie Category,IMDb Rating,Url for Movie
Rank,Previous Rank,Movie,Release Year,Movie Duration,Movie Category,IMDb Rating,Url for Movie
Rank,Previous Rank,Movie,Release Year,Movie Duration,Movie Category,IMDb Rating,Url for Movie
Rank,Previous Rank,Movie,Release Year,Movie Duration,Movie Category,IMDb Rating,Url for Movie
Rank,Previous Rank,Movie,Release Year,Movie Duration,Movie Category,IMDb Rating,Url for Movie
